what,kind,bundleId,bundleVersion,description,time
activated,perspective,,,"<C/C++>",1356531651970
started,bundle,org.eclipse.osgi,3.6.2.R36x_v20110210,"org.eclipse.osgi",1356531651971
started,bundle,org.eclipse.equinox.simpleconfigurator,1.0.200.v20100503,"org.eclipse.equinox.simpleconfigurator",1356531651972
started,bundle,com.ibm.icu,4.2.1.v20100412,"com.ibm.icu",1356531651972
started,bundle,org.eclipse.cdt.core,5.2.1.201102110609,"org.eclipse.cdt.core",1356531651972
started,bundle,org.eclipse.cdt.make.core,7.0.1.201102110609,"org.eclipse.cdt.make.core",1356531651973
started,bundle,org.eclipse.cdt.make.ui,7.0.0.201102110609,"org.eclipse.cdt.make.ui",1356531651973
started,bundle,org.eclipse.cdt.managedbuilder.core,7.0.2.201102110609,"org.eclipse.cdt.managedbuilder.core",1356531651974
started,bundle,org.eclipse.cdt.ui,5.2.2.201102110609,"org.eclipse.cdt.ui",1356531651974
started,bundle,org.eclipse.compare.core,3.5.101.R36x_v20100929-0800,"org.eclipse.compare.core",1356531651975
started,bundle,org.eclipse.core.contenttype,3.4.100.v20100505-1235,"org.eclipse.core.contenttype",1356531651976
started,bundle,org.eclipse.core.databinding.observable,1.3.0.I20100601-0800,"org.eclipse.core.databinding.observable",1356531651977
started,bundle,org.eclipse.core.expressions,3.4.200.v20100505,"org.eclipse.core.expressions",1356531651977
started,bundle,org.eclipse.core.filebuffers,3.5.100.v20100520-0800,"org.eclipse.core.filebuffers",1356531651978
started,bundle,org.eclipse.core.filesystem,1.3.1.R36x_v20100727-0745,"org.eclipse.core.filesystem",1356531651978
started,bundle,org.eclipse.core.jobs,3.5.1.R36x_v20100824,"org.eclipse.core.jobs",1356531651979
started,bundle,org.eclipse.core.net,1.2.100.I20100511-0800,"org.eclipse.core.net",1356531651979
started,bundle,org.eclipse.core.resources,3.6.1.R36x_v20110131-1630,"org.eclipse.core.resources",1356531651980
started,bundle,org.eclipse.core.runtime,3.6.0.v20100505,"org.eclipse.core.runtime",1356531651980
started,bundle,org.eclipse.core.runtime.compatibility,3.2.100.v20100505,"org.eclipse.core.runtime.compatibility",1356531651981
started,bundle,org.eclipse.core.runtime.compatibility.auth,3.2.200.v20100517,"org.eclipse.core.runtime.compatibility.auth",1356531651982
started,bundle,org.eclipse.core.variables,3.2.400.v20100505,"org.eclipse.core.variables",1356531651983
started,bundle,org.eclipse.debug.core,3.6.0.v20100519,"org.eclipse.debug.core",1356531651983
started,bundle,org.eclipse.epp.usagedata.gathering,1.3.1.R201102081640,"org.eclipse.epp.usagedata.gathering",1356531651984
started,bundle,org.eclipse.epp.usagedata.recording,1.3.1.R201102081640,"org.eclipse.epp.usagedata.recording",1356531651984
started,bundle,org.eclipse.equinox.app,1.3.1.R36x_v20100803,"org.eclipse.equinox.app",1356531651985
started,bundle,org.eclipse.equinox.common,3.6.0.v20100503,"org.eclipse.equinox.common",1356531651986
started,bundle,org.eclipse.equinox.ds,1.2.1.R36x_v20100803,"org.eclipse.equinox.ds",1356531651987
started,bundle,org.eclipse.equinox.event,1.2.0.v20100503,"org.eclipse.equinox.event",1356531651988
started,bundle,org.eclipse.equinox.p2.core,2.0.3.R36x_v20110111,"org.eclipse.equinox.p2.core",1356531651988
started,bundle,org.eclipse.equinox.p2.directorywatcher,1.0.203.R36x_v20101220,"org.eclipse.equinox.p2.directorywatcher",1356531651992
started,bundle,org.eclipse.equinox.p2.engine,2.0.1.R36x_v20110201,"org.eclipse.equinox.p2.engine",1356531651993
started,bundle,org.eclipse.equinox.p2.metadata,2.0.1.R36x_v20101202,"org.eclipse.equinox.p2.metadata",1356531651994
started,bundle,org.eclipse.equinox.p2.metadata.repository,1.1.0.v20100513,"org.eclipse.equinox.p2.metadata.repository",1356531651994
started,bundle,org.eclipse.equinox.p2.operations,2.0.0.v20100510,"org.eclipse.equinox.p2.operations",1356531651995
started,bundle,org.eclipse.equinox.p2.reconciler.dropins,1.1.2.R36x_v20110114,"org.eclipse.equinox.p2.reconciler.dropins",1356531651996
started,bundle,org.eclipse.equinox.p2.repository,2.0.2.R36x_v20110111-1500,"org.eclipse.equinox.p2.repository",1356531651996
started,bundle,org.eclipse.equinox.p2.ui.sdk.scheduler,1.0.0.v20100507-1815,"org.eclipse.equinox.p2.ui.sdk.scheduler",1356531651997
started,bundle,org.eclipse.equinox.p2.updatechecker,1.1.101.R36x_v20100823,"org.eclipse.equinox.p2.updatechecker",1356531651998
started,bundle,org.eclipse.equinox.preferences,3.3.0.v20100503,"org.eclipse.equinox.preferences",1356531651998
started,bundle,org.eclipse.equinox.registry,3.5.0.v20100503,"org.eclipse.equinox.registry",1356531651999
started,bundle,org.eclipse.equinox.security,1.0.200.v20100503,"org.eclipse.equinox.security",1356531652000
started,bundle,org.eclipse.equinox.util,1.0.200.v20100503,"org.eclipse.equinox.util",1356531652000
started,bundle,org.eclipse.help,3.5.0.v20100524,"org.eclipse.help",1356531652001
started,bundle,org.eclipse.jface,3.6.2.M20110210-1200,"org.eclipse.jface",1356531652001
started,bundle,org.eclipse.jsch.core,1.1.200.I20100505-1245,"org.eclipse.jsch.core",1356531652002
started,bundle,org.eclipse.ltk.core.refactoring,3.5.101.r362_v20101117-0800,"org.eclipse.ltk.core.refactoring",1356531652002
started,bundle,org.eclipse.ltk.ui.refactoring,3.5.0.v20100526-0800,"org.eclipse.ltk.ui.refactoring",1356531652003
started,bundle,org.eclipse.mylyn.bugzilla.core,3.4.2.v20100902-0100-e3x,"org.eclipse.mylyn.bugzilla.core",1356531652003
started,bundle,org.eclipse.mylyn.bugzilla.ui,3.4.3.v20110131-0100-e3x,"org.eclipse.mylyn.bugzilla.ui",1356531652004
started,bundle,org.eclipse.mylyn.commons.net,3.4.1.v20100625-2100-e3x,"org.eclipse.mylyn.commons.net",1356531652004
started,bundle,org.eclipse.mylyn.commons.ui,3.4.0.v20100608-0100-e3x,"org.eclipse.mylyn.commons.ui",1356531652004
started,bundle,org.eclipse.mylyn.context.core,3.4.1.v20100909-0100-e3x,"org.eclipse.mylyn.context.core",1356531652005
started,bundle,org.eclipse.mylyn.context.ui,3.4.2.v20110131-0100-e3x,"org.eclipse.mylyn.context.ui",1356531652005
started,bundle,org.eclipse.mylyn.monitor.ui,3.4.1.v20110131-0100-e3x,"org.eclipse.mylyn.monitor.ui",1356531652006
started,bundle,org.eclipse.mylyn.tasks.ui,3.4.3.v20110131-0100-e3x,"org.eclipse.mylyn.tasks.ui",1356531652006
started,bundle,org.eclipse.mylyn.team.ui,3.4.3.v20110131-0100-e3x,"org.eclipse.mylyn.team.ui",1356531652007
started,bundle,org.eclipse.search,3.6.0.v20100520-0800,"org.eclipse.search",1356531652008
started,bundle,org.eclipse.team.core,3.5.101.R36x_v20110203-1036,"org.eclipse.team.core",1356531652008
started,bundle,org.eclipse.team.cvs.core,3.3.301.R36x_v20110119-0815,"org.eclipse.team.cvs.core",1356531652008
started,bundle,org.eclipse.team.cvs.ui,3.3.302.R36x_v20110203-1036,"org.eclipse.team.cvs.ui",1356531652009
started,bundle,org.eclipse.team.ui,3.5.102.R36x_v20110203-1036,"org.eclipse.team.ui",1356531652010
started,bundle,org.eclipse.ui,3.6.2.M20110203-1100,"org.eclipse.ui",1356531652011
started,bundle,org.eclipse.ui.console,3.5.0.v20100526,"org.eclipse.ui.console",1356531652011
started,bundle,org.eclipse.ui.editors,3.6.1.r361_v20100825-0800,"org.eclipse.ui.editors",1356531652011
started,bundle,org.eclipse.ui.forms,3.5.2.r36_v20100702,"org.eclipse.ui.forms",1356531652012
started,bundle,org.eclipse.ui.ide,3.6.2.M20101201-0800,"org.eclipse.ui.ide",1356531652013
started,bundle,org.eclipse.ui.navigator,3.5.0.I20100601-0800,"org.eclipse.ui.navigator",1356531652013
started,bundle,org.eclipse.ui.navigator.resources,3.4.202.M20101124-0800,"org.eclipse.ui.navigator.resources",1356531652014
started,bundle,org.eclipse.ui.net,1.2.100.I20100505-1245,"org.eclipse.ui.net",1356531652014
started,bundle,org.eclipse.ui.views,3.5.1.M20110202-0800,"org.eclipse.ui.views",1356531652015
started,bundle,org.eclipse.ui.workbench,3.6.2.M20110210-1200,"org.eclipse.ui.workbench",1356531652016
started,bundle,org.eclipse.ui.workbench.texteditor,3.6.1.r361_v20100714-0800,"org.eclipse.ui.workbench.texteditor",1356531652017
started,bundle,org.eclipse.update.configurator,3.3.100.v20100512,"org.eclipse.update.configurator",1356531652017
started,bundle,org.eclipse.update.core,3.2.402.R36x_v20100629,"org.eclipse.update.core",1356531652017
started,bundle,org.eclipse.update.scheduler,3.2.300.v20100512,"org.eclipse.update.scheduler",1356531652018
started,bundle,com.aptana.shared_core,2.7.1.2012100913,"com.aptana.shared_core",1356531652018
started,bundle,com.python.pydev.analysis,2.7.1.2012100913,"com.python.pydev.analysis",1356531652019
started,bundle,org.eclipse.jdt.core,3.6.2.v_A76_R36x,"org.eclipse.jdt.core",1356531652019
started,bundle,org.eclipse.jdt.core.manipulation,1.3.0.v20100520-0800,"org.eclipse.jdt.core.manipulation",1356531652020
started,bundle,org.eclipse.jdt.launching,3.5.200.v20110105_r362,"org.eclipse.jdt.launching",1356531652020
started,bundle,org.eclipse.jdt.ui,3.6.2.r362_v20110203,"org.eclipse.jdt.ui",1356531652022
started,bundle,org.python.pydev,2.7.1.2012100913,"org.python.pydev",1356531652022
started,bundle,org.python.pydev.core,2.7.1.2012100913,"org.python.pydev.core",1356531652022
os,sysinfo,,,"linux",1356531652025
arch,sysinfo,,,"x86_64",1356531652025
ws,sysinfo,,,"gtk",1356531652025
locale,sysinfo,,,"en_US",1356531652025
processors,sysinfo,,,"4",1356531652025
java.runtime.name,sysinfo,,,"OpenJDK Runtime Environment",1356531652025
java.runtime.version,sysinfo,,,"1.6.0_24-b24",1356531652025
java.specification.name,sysinfo,,,"Java Platform API Specification",1356531652025
java.specification.vendor,sysinfo,,,"Sun Microsystems Inc.",1356531652025
java.specification.version,sysinfo,,,"1.6",1356531652025
java.vendor,sysinfo,,,"Sun Microsystems Inc.",1356531652025
java.version,sysinfo,,,"1.6.0_24",1356531652025
java.vm.info,sysinfo,,,"mixed mode",1356531652025
java.vm.name,sysinfo,,,"OpenJDK 64-Bit Server VM",1356531652025
java.vm.specification.name,sysinfo,,,"Java Virtual Machine Specification",1356531652025
java.vm.specification.vendor,sysinfo,,,"Sun Microsystems Inc.",1356531652025
java.vm.specification.version,sysinfo,,,"1.0",1356531652025
java.vm.vendor,sysinfo,,,"Sun Microsystems Inc.",1356531652025
java.vm.version,sysinfo,,,"20.0-b12",1356531652025
opened,view,org.eclipse.ui.console,3.5.0.v20100526,"org.eclipse.ui.console.ConsoleView",1356531652355
started,bundle,org.python.pydev.debug,2.7.1.2012100913,"org.python.pydev.debug",1356531652458
started,bundle,com.aptana.interactive_console,2.7.1.2012100913,"com.aptana.interactive_console",1356531652465
started,bundle,org.eclipse.debug.ui,3.6.3.v20101201_r362,"org.eclipse.debug.ui",1356531652604
started,bundle,org.eclipse.cdt.debug.core,7.0.0.201102110609,"org.eclipse.cdt.debug.core",1356531653007
started,bundle,org.eclipse.cdt.debug.ui,7.0.0.201102110609,"org.eclipse.cdt.debug.ui",1356531653015
activated,view,org.eclipse.ui.navigator.resources,3.4.202.M20101124-0800,"org.eclipse.ui.navigator.ProjectExplorer",1356531654044
opened,editor,org.eclipse.jdt.ui,3.6.2.r362_v20110203,"org.eclipse.jdt.ui.CompilationUnitEditor",1356531678838
activated,editor,org.eclipse.jdt.ui,3.6.2.r362_v20110203,"org.eclipse.jdt.ui.CompilationUnitEditor",1356531679101
activated,view,org.eclipse.ui.navigator.resources,3.4.202.M20101124-0800,"org.eclipse.ui.navigator.ProjectExplorer",1356531679139
activated,editor,org.eclipse.jdt.ui,3.6.2.r362_v20110203,"org.eclipse.jdt.ui.CompilationUnitEditor",1356531688914
executed,command,org.eclipse.ui.workbench.texteditor,3.6.1.r361_v20100714-0800,"org.eclipse.ui.edit.text.showInformation",1356531691914
deactivated,workbench,org.eclipse.ui.workbench,3.6.2.M20110210-1200,"",1356531691965
activated,workbench,org.eclipse.ui.workbench,3.6.2.M20110210-1200,"",1356531696903
opened,editor,org.eclipse.jdt.ui,3.6.2.r362_v20110203,"org.eclipse.jdt.ui.CompilationUnitEditor",1356531697276
activated,editor,org.eclipse.jdt.ui,3.6.2.r362_v20110203,"org.eclipse.jdt.ui.CompilationUnitEditor",1356531697409
executed,command,org.eclipse.jdt.ui,3.6.2.r362_v20110203,"org.eclipse.jdt.ui.edit.text.java.open.editor",1356531697459
activated,editor,org.eclipse.jdt.ui,3.6.2.r362_v20110203,"org.eclipse.jdt.ui.CompilationUnitEditor",1356531699385
closed,editor,org.eclipse.jdt.ui,3.6.2.r362_v20110203,"org.eclipse.jdt.ui.CompilationUnitEditor",1356531699386
activated,view,org.eclipse.ui.navigator.resources,3.4.202.M20101124-0800,"org.eclipse.ui.navigator.ProjectExplorer",1356531700472
started,bundle,org.eclipse.compare,3.5.101.R36x_v20100929-0800,"org.eclipse.compare",1356531700524
deactivated,workbench,org.eclipse.ui.workbench,3.6.2.M20110210-1200,"",1356531729775
activated,workbench,org.eclipse.ui.workbench,3.6.2.M20110210-1200,"",1356531741783
deactivated,workbench,org.eclipse.ui.workbench,3.6.2.M20110210-1200,"",1356531741825
activated,workbench,org.eclipse.ui.workbench,3.6.2.M20110210-1200,"",1356531743842
deactivated,workbench,org.eclipse.ui.workbench,3.6.2.M20110210-1200,"",1356531743903
activated,workbench,org.eclipse.ui.workbench,3.6.2.M20110210-1200,"",1356531818513
deactivated,workbench,org.eclipse.ui.workbench,3.6.2.M20110210-1200,"",1356531819376
activated,workbench,org.eclipse.ui.workbench,3.6.2.M20110210-1200,"",1356531820610
deactivated,workbench,org.eclipse.ui.workbench,3.6.2.M20110210-1200,"",1356531820844
activated,workbench,org.eclipse.ui.workbench,3.6.2.M20110210-1200,"",1356531826788
deactivated,workbench,org.eclipse.ui.workbench,3.6.2.M20110210-1200,"",1356531829262
started,bundle,org.eclipse.cdt.mylyn.ui,1.1.4.v20110204-0100-e3x,"org.eclipse.cdt.mylyn.ui",1356531830802
closed,workbench,org.eclipse.ui.workbench,3.6.2.M20110210-1200,"",1356531830870
stopped,bundle,org.eclipse.cdt.debug.mi.ui,6.1.0.201102110609,"org.eclipse.cdt.debug.mi.ui",1356531831348
stopped,bundle,org.eclipse.cdt.debug.mi.core,7.0.1.201102110609,"org.eclipse.cdt.debug.mi.core",1356531831349
stopped,bundle,org.eclipse.cdt.debug.ui.memory.memorybrowser,1.2.1.201102110609,"org.eclipse.cdt.debug.ui.memory.memorybrowser",1356531831350
stopped,bundle,org.eclipse.cdt.debug.ui.memory.search,1.2.0.201102110609,"org.eclipse.cdt.debug.ui.memory.search",1356531831350
stopped,bundle,org.eclipse.cdt.dsf.gdb.ui,2.1.0.201102110609,"org.eclipse.cdt.dsf.gdb.ui",1356531831351
stopped,bundle,org.eclipse.cdt.dsf.ui,2.1.2.201102110609,"org.eclipse.cdt.dsf.ui",1356531831352
stopped,bundle,org.eclipse.cdt.gdb.ui,7.0.0.201102110609,"org.eclipse.cdt.gdb.ui",1356531831352
stopped,bundle,org.eclipse.cdt.dsf.gdb,3.0.0.201102110609,"org.eclipse.cdt.dsf.gdb",1356531831353
stopped,bundle,org.eclipse.cdt.launch,6.1.0.201102110609,"org.eclipse.cdt.launch",1356531831359
stopped,bundle,org.eclipse.cdt.debug.ui,7.0.0.201102110609,"org.eclipse.cdt.debug.ui",1356531831359
stopped,bundle,org.eclipse.cdt.debug.ui.memory.traditional,1.2.0.201102110609,"org.eclipse.cdt.debug.ui.memory.traditional",1356531831359
stopped,bundle,org.eclipse.cdt.dsf,2.1.1.201102110609,"org.eclipse.cdt.dsf",1356531831360
stopped,bundle,org.eclipse.cdt.debug.core,7.0.0.201102110609,"org.eclipse.cdt.debug.core",1356531831360
stopped,bundle,org.eclipse.cdt.managedbuilder.ui,7.0.0.201102110609,"org.eclipse.cdt.managedbuilder.ui",1356531831360
stopped,bundle,org.eclipse.cdt.make.ui,7.0.0.201102110609,"org.eclipse.cdt.make.ui",1356531831360
stopped,bundle,org.eclipse.cdt.managedbuilder.gnu.ui,7.0.0.201102110609,"org.eclipse.cdt.managedbuilder.gnu.ui",1356531831361
stopped,bundle,org.eclipse.cdt.managedbuilder.core,7.0.2.201102110609,"org.eclipse.cdt.managedbuilder.core",1356531831361
stopped,bundle,org.eclipse.cdt.make.core,7.0.1.201102110609,"org.eclipse.cdt.make.core",1356531831361
stopped,bundle,org.eclipse.cdt.mylyn.ui,1.1.4.v20110204-0100-e3x,"org.eclipse.cdt.mylyn.ui",1356531831393
stopped,bundle,org.eclipse.cdt.ui,5.2.2.201102110609,"org.eclipse.cdt.ui",1356531831438
stopped,bundle,org.eclipse.cdt.core,5.2.1.201102110609,"org.eclipse.cdt.core",1356531831449
stopped,bundle,org.eclipse.equinox.p2.ui.sdk,1.0.100.v20100513,"org.eclipse.equinox.p2.ui.sdk",1356531831450
stopped,bundle,com.python.pydev.codecompletion,2.7.1.2012100913,"com.python.pydev.codecompletion",1356531831450
stopped,bundle,com.python.pydev.refactoring,2.7.1.2012100913,"com.python.pydev.refactoring",1356531831451
stopped,bundle,com.python.pydev.analysis,2.7.1.2012100913,"com.python.pydev.analysis",1356531831451
stopped,bundle,com.python.pydev.debug,2.7.1.2012100913,"com.python.pydev.debug",1356531831451
stopped,bundle,com.python.pydev.fastparser,2.7.1.2012100913,"com.python.pydev.fastparser",1356531831451
stopped,bundle,org.python.pydev.red_core,2.7.1.2012100913,"org.python.pydev.red_core",1356531831451
stopped,bundle,com.python.pydev,2.7.1.2012100913,"com.python.pydev",1356531831452
stopped,bundle,org.python.pydev.django,2.7.1.2012100913,"org.python.pydev.django",1356531831452
stopped,bundle,org.python.pydev.customizations,2.7.1.2012100913,"org.python.pydev.customizations",1356531831452
stopped,bundle,org.python.pydev.debug,2.7.1.2012100913,"org.python.pydev.debug",1356531831452
stopped,bundle,org.python.pydev.mylyn,0.4,"org.python.pydev.mylyn",1356531831453
stopped,bundle,org.python.pydev.refactoring,2.7.1.2012100913,"org.python.pydev.refactoring",1356531831453
stopped,bundle,org.python.pydev,2.7.1.2012100913,"org.python.pydev",1356531831458
stopped,bundle,org.eclipse.jdt.ui,3.6.2.r362_v20110203,"org.eclipse.jdt.ui",1356531831477
stopped,bundle,org.eclipse.search,3.6.0.v20100520-0800,"org.eclipse.search",1356531831498
stopped,bundle,org.eclipse.mylyn.team.ui,3.4.3.v20110131-0100-e3x,"org.eclipse.mylyn.team.ui",1356531831498
stopped,bundle,org.eclipse.ui.navigator.resources,3.4.202.M20101124-0800,"org.eclipse.ui.navigator.resources",1356531831499
stopped,bundle,org.eclipse.ltk.ui.refactoring,3.5.0.v20100526-0800,"org.eclipse.ltk.ui.refactoring",1356531831499
stopped,bundle,org.eclipse.mylyn.bugzilla.ui,3.4.3.v20110131-0100-e3x,"org.eclipse.mylyn.bugzilla.ui",1356531831499
stopped,bundle,org.eclipse.mylyn.ide.ui,3.4.0.v20100608-0100-e3x,"org.eclipse.mylyn.ide.ui",1356531831501
stopped,bundle,org.eclipse.mylyn.resources.ui,3.4.1.v20100909-0100-e3x,"org.eclipse.mylyn.resources.ui",1356531831502
stopped,bundle,org.eclipse.mylyn.wikitext.tasks.ui,1.3.1.v20100823-0100-e3x,"org.eclipse.mylyn.wikitext.tasks.ui",1356531831502
stopped,bundle,org.eclipse.mylyn.context.ui,3.4.2.v20110131-0100-e3x,"org.eclipse.mylyn.context.ui",1356531831502
stopped,bundle,org.eclipse.mylyn.help.ui,3.4.2.v20110131-0100-e3x,"org.eclipse.mylyn.help.ui",1356531831503
stopped,bundle,org.eclipse.mylyn.tasks.bugs,3.4.1.v20100823-0100-e3x,"org.eclipse.mylyn.tasks.bugs",1356531831504
stopped,bundle,org.eclipse.mylyn.tasks.ui,3.4.3.v20110131-0100-e3x,"org.eclipse.mylyn.tasks.ui",1356531831504
stopped,bundle,org.eclipse.team.cvs.ui,3.3.302.R36x_v20110203-1036,"org.eclipse.team.cvs.ui",1356531831550
stopped,bundle,org.eclipse.team.ui,3.5.102.R36x_v20110203-1036,"org.eclipse.team.ui",1356531831551
stopped,bundle,org.eclipse.compare,3.5.101.R36x_v20100929-0800,"org.eclipse.compare",1356531831551
stopped,bundle,org.eclipse.cdt.debug.ui.memory.transport,2.1.0.201102110609,"org.eclipse.cdt.debug.ui.memory.transport",1356531831552
stopped,bundle,org.eclipse.ui.externaltools,3.2.0.v20100427,"org.eclipse.ui.externaltools",1356531831553
stopped,bundle,com.aptana.interactive_console,2.7.1.2012100913,"com.aptana.interactive_console",1356531831553
stopped,bundle,org.eclipse.debug.ui,3.6.3.v20101201_r362,"org.eclipse.debug.ui",1356531831560
stopped,bundle,org.eclipse.mylyn.wikitext.ui,1.3.0.v20100608-0100-e3x,"org.eclipse.mylyn.wikitext.ui",1356531831561
activated,perspective,,,"<C/C++>",1356531842533
started,bundle,org.eclipse.osgi,3.6.2.R36x_v20110210,"org.eclipse.osgi",1356531842534
started,bundle,org.eclipse.equinox.simpleconfigurator,1.0.200.v20100503,"org.eclipse.equinox.simpleconfigurator",1356531842535
started,bundle,com.ibm.icu,4.2.1.v20100412,"com.ibm.icu",1356531842535
started,bundle,org.eclipse.cdt.core,5.2.1.201102110609,"org.eclipse.cdt.core",1356531842535
started,bundle,org.eclipse.cdt.make.core,7.0.1.201102110609,"org.eclipse.cdt.make.core",1356531842536
started,bundle,org.eclipse.cdt.make.ui,7.0.0.201102110609,"org.eclipse.cdt.make.ui",1356531842536
started,bundle,org.eclipse.cdt.managedbuilder.core,7.0.2.201102110609,"org.eclipse.cdt.managedbuilder.core",1356531842537
started,bundle,org.eclipse.cdt.ui,5.2.2.201102110609,"org.eclipse.cdt.ui",1356531842539
started,bundle,org.eclipse.compare.core,3.5.101.R36x_v20100929-0800,"org.eclipse.compare.core",1356531842540
started,bundle,org.eclipse.core.contenttype,3.4.100.v20100505-1235,"org.eclipse.core.contenttype",1356531842540
started,bundle,org.eclipse.core.databinding.observable,1.3.0.I20100601-0800,"org.eclipse.core.databinding.observable",1356531842541
started,bundle,org.eclipse.core.expressions,3.4.200.v20100505,"org.eclipse.core.expressions",1356531842542
started,bundle,org.eclipse.core.filebuffers,3.5.100.v20100520-0800,"org.eclipse.core.filebuffers",1356531842542
started,bundle,org.eclipse.core.filesystem,1.3.1.R36x_v20100727-0745,"org.eclipse.core.filesystem",1356531842543
started,bundle,org.eclipse.core.jobs,3.5.1.R36x_v20100824,"org.eclipse.core.jobs",1356531842544
started,bundle,org.eclipse.core.net,1.2.100.I20100511-0800,"org.eclipse.core.net",1356531842544
started,bundle,org.eclipse.core.resources,3.6.1.R36x_v20110131-1630,"org.eclipse.core.resources",1356531842545
started,bundle,org.eclipse.core.runtime,3.6.0.v20100505,"org.eclipse.core.runtime",1356531842545
started,bundle,org.eclipse.core.runtime.compatibility,3.2.100.v20100505,"org.eclipse.core.runtime.compatibility",1356531842546
started,bundle,org.eclipse.core.runtime.compatibility.auth,3.2.200.v20100517,"org.eclipse.core.runtime.compatibility.auth",1356531842546
started,bundle,org.eclipse.core.variables,3.2.400.v20100505,"org.eclipse.core.variables",1356531842547
started,bundle,org.eclipse.debug.core,3.6.0.v20100519,"org.eclipse.debug.core",1356531842548
started,bundle,org.eclipse.epp.usagedata.gathering,1.3.1.R201102081640,"org.eclipse.epp.usagedata.gathering",1356531842548
started,bundle,org.eclipse.epp.usagedata.recording,1.3.1.R201102081640,"org.eclipse.epp.usagedata.recording",1356531842549
started,bundle,org.eclipse.equinox.app,1.3.1.R36x_v20100803,"org.eclipse.equinox.app",1356531842549
started,bundle,org.eclipse.equinox.common,3.6.0.v20100503,"org.eclipse.equinox.common",1356531842550
started,bundle,org.eclipse.equinox.ds,1.2.1.R36x_v20100803,"org.eclipse.equinox.ds",1356531842551
started,bundle,org.eclipse.equinox.event,1.2.0.v20100503,"org.eclipse.equinox.event",1356531842551
started,bundle,org.eclipse.equinox.p2.core,2.0.3.R36x_v20110111,"org.eclipse.equinox.p2.core",1356531842552
started,bundle,org.eclipse.equinox.p2.directorywatcher,1.0.203.R36x_v20101220,"org.eclipse.equinox.p2.directorywatcher",1356531842553
started,bundle,org.eclipse.equinox.p2.engine,2.0.1.R36x_v20110201,"org.eclipse.equinox.p2.engine",1356531842553
started,bundle,org.eclipse.equinox.p2.metadata,2.0.1.R36x_v20101202,"org.eclipse.equinox.p2.metadata",1356531842554
started,bundle,org.eclipse.equinox.p2.metadata.repository,1.1.0.v20100513,"org.eclipse.equinox.p2.metadata.repository",1356531842555
started,bundle,org.eclipse.equinox.p2.operations,2.0.0.v20100510,"org.eclipse.equinox.p2.operations",1356531842555
started,bundle,org.eclipse.equinox.p2.reconciler.dropins,1.1.2.R36x_v20110114,"org.eclipse.equinox.p2.reconciler.dropins",1356531842556
started,bundle,org.eclipse.equinox.p2.repository,2.0.2.R36x_v20110111-1500,"org.eclipse.equinox.p2.repository",1356531842556
started,bundle,org.eclipse.equinox.p2.ui.sdk.scheduler,1.0.0.v20100507-1815,"org.eclipse.equinox.p2.ui.sdk.scheduler",1356531842557
started,bundle,org.eclipse.equinox.p2.updatechecker,1.1.101.R36x_v20100823,"org.eclipse.equinox.p2.updatechecker",1356531842557
started,bundle,org.eclipse.equinox.preferences,3.3.0.v20100503,"org.eclipse.equinox.preferences",1356531842558
started,bundle,org.eclipse.equinox.registry,3.5.0.v20100503,"org.eclipse.equinox.registry",1356531842559
started,bundle,org.eclipse.equinox.security,1.0.200.v20100503,"org.eclipse.equinox.security",1356531842559
started,bundle,org.eclipse.equinox.util,1.0.200.v20100503,"org.eclipse.equinox.util",1356531842560
started,bundle,org.eclipse.help,3.5.0.v20100524,"org.eclipse.help",1356531842560
started,bundle,org.eclipse.jface,3.6.2.M20110210-1200,"org.eclipse.jface",1356531842561
started,bundle,org.eclipse.jsch.core,1.1.200.I20100505-1245,"org.eclipse.jsch.core",1356531842561
started,bundle,org.eclipse.ltk.core.refactoring,3.5.101.r362_v20101117-0800,"org.eclipse.ltk.core.refactoring",1356531842562
started,bundle,org.eclipse.ltk.ui.refactoring,3.5.0.v20100526-0800,"org.eclipse.ltk.ui.refactoring",1356531842563
started,bundle,org.eclipse.mylyn.bugzilla.core,3.4.2.v20100902-0100-e3x,"org.eclipse.mylyn.bugzilla.core",1356531842563
started,bundle,org.eclipse.mylyn.bugzilla.ui,3.4.3.v20110131-0100-e3x,"org.eclipse.mylyn.bugzilla.ui",1356531842564
started,bundle,org.eclipse.mylyn.commons.net,3.4.1.v20100625-2100-e3x,"org.eclipse.mylyn.commons.net",1356531842564
started,bundle,org.eclipse.mylyn.commons.ui,3.4.0.v20100608-0100-e3x,"org.eclipse.mylyn.commons.ui",1356531842565
started,bundle,org.eclipse.mylyn.context.core,3.4.1.v20100909-0100-e3x,"org.eclipse.mylyn.context.core",1356531842565
started,bundle,org.eclipse.mylyn.context.ui,3.4.2.v20110131-0100-e3x,"org.eclipse.mylyn.context.ui",1356531842566
started,bundle,org.eclipse.mylyn.monitor.ui,3.4.1.v20110131-0100-e3x,"org.eclipse.mylyn.monitor.ui",1356531842566
started,bundle,org.eclipse.mylyn.tasks.ui,3.4.3.v20110131-0100-e3x,"org.eclipse.mylyn.tasks.ui",1356531842567
started,bundle,org.eclipse.mylyn.team.ui,3.4.3.v20110131-0100-e3x,"org.eclipse.mylyn.team.ui",1356531842567
started,bundle,org.eclipse.team.core,3.5.101.R36x_v20110203-1036,"org.eclipse.team.core",1356531842568
started,bundle,org.eclipse.team.cvs.core,3.3.301.R36x_v20110119-0815,"org.eclipse.team.cvs.core",1356531842568
started,bundle,org.eclipse.team.cvs.ui,3.3.302.R36x_v20110203-1036,"org.eclipse.team.cvs.ui",1356531842569
started,bundle,org.eclipse.team.ui,3.5.102.R36x_v20110203-1036,"org.eclipse.team.ui",1356531842569
started,bundle,org.eclipse.ui,3.6.2.M20110203-1100,"org.eclipse.ui",1356531842571
started,bundle,org.eclipse.ui.console,3.5.0.v20100526,"org.eclipse.ui.console",1356531842571
started,bundle,org.eclipse.ui.editors,3.6.1.r361_v20100825-0800,"org.eclipse.ui.editors",1356531842571
started,bundle,org.eclipse.ui.forms,3.5.2.r36_v20100702,"org.eclipse.ui.forms",1356531842572
started,bundle,org.eclipse.ui.ide,3.6.2.M20101201-0800,"org.eclipse.ui.ide",1356531842573
started,bundle,org.eclipse.ui.navigator,3.5.0.I20100601-0800,"org.eclipse.ui.navigator",1356531842574
started,bundle,org.eclipse.ui.navigator.resources,3.4.202.M20101124-0800,"org.eclipse.ui.navigator.resources",1356531842574
started,bundle,org.eclipse.ui.net,1.2.100.I20100505-1245,"org.eclipse.ui.net",1356531842575
started,bundle,org.eclipse.ui.views,3.5.1.M20110202-0800,"org.eclipse.ui.views",1356531842576
started,bundle,org.eclipse.ui.workbench,3.6.2.M20110210-1200,"org.eclipse.ui.workbench",1356531842576
started,bundle,org.eclipse.ui.workbench.texteditor,3.6.1.r361_v20100714-0800,"org.eclipse.ui.workbench.texteditor",1356531842577
started,bundle,org.eclipse.update.configurator,3.3.100.v20100512,"org.eclipse.update.configurator",1356531842578
started,bundle,org.eclipse.update.core,3.2.402.R36x_v20100629,"org.eclipse.update.core",1356531842578
started,bundle,org.eclipse.update.scheduler,3.2.300.v20100512,"org.eclipse.update.scheduler",1356531842579
